PRAGMA foreign_keys=OFF;
BEGIN TRANSACTION;
CREATE TABLE IF NOT EXISTS "django_migrations" ("id" integer NOT NULL PRIMARY KEY AUTOINCREMENT, "app" varchar(255) NOT NULL, "name" varchar(255) NOT NULL, "applied" datetime NOT NULL);
INSERT INTO django_migrations VALUES(1,'contenttypes','0001_initial','2025-01-03 21:07:25.611516');
INSERT INTO django_migrations VALUES(2,'auth','0001_initial','2025-01-03 21:07:25.617132');
INSERT INTO django_migrations VALUES(3,'admin','0001_initial','2025-01-03 21:07:25.620785');
INSERT INTO django_migrations VALUES(4,'admin','0002_logentry_remove_auto_add','2025-01-03 21:07:25.627338');
INSERT INTO django_migrations VALUES(5,'admin','0003_logentry_add_action_flag_choices','2025-01-03 21:07:25.632077');
INSERT INTO django_migrations VALUES(6,'contenttypes','0002_remove_content_type_name','2025-01-03 21:07:25.638455');
INSERT INTO django_migrations VALUES(7,'auth','0002_alter_permission_name_max_length','2025-01-03 21:07:25.642490');
INSERT INTO django_migrations VALUES(8,'auth','0003_alter_user_email_max_length','2025-01-03 21:07:25.646611');
INSERT INTO django_migrations VALUES(9,'auth','0004_alter_user_username_opts','2025-01-03 21:07:25.650545');
INSERT INTO django_migrations VALUES(10,'auth','0005_alter_user_last_login_null','2025-01-03 21:07:25.665713');
INSERT INTO django_migrations VALUES(11,'auth','0006_require_contenttypes_0002','2025-01-03 21:07:25.666573');
INSERT INTO django_migrations VALUES(12,'auth','0007_alter_validators_add_error_messages','2025-01-03 21:07:25.669801');
INSERT INTO django_migrations VALUES(13,'auth','0008_alter_user_username_max_length','2025-01-03 21:07:25.674142');
INSERT INTO django_migrations VALUES(14,'auth','0009_alter_user_last_name_max_length','2025-01-03 21:07:25.678439');
INSERT INTO django_migrations VALUES(15,'auth','0010_alter_group_name_max_length','2025-01-03 21:07:25.682923');
INSERT INTO django_migrations VALUES(16,'auth','0011_update_proxy_permissions','2025-01-03 21:07:25.685636');
INSERT INTO django_migrations VALUES(17,'auth','0012_alter_user_first_name_max_length','2025-01-03 21:07:25.689903');
INSERT INTO django_migrations VALUES(18,'funcionarios','0001_initial','2025-01-03 21:07:25.700354');
INSERT INTO django_migrations VALUES(19,'sessions','0001_initial','2025-01-03 21:07:25.703409');
INSERT INTO django_migrations VALUES(20,'funcionarios','0002_alter_ferias_options_alter_funcionario_options_and_more','2025-01-03 23:12:36.806001');
INSERT INTO django_migrations VALUES(21,'funcionarios','0003_plantao_folgas_geradas_plantao_folgas_restantes_and_more','2025-01-05 00:43:05.352836');
INSERT INTO django_migrations VALUES(22,'funcionarios','0004_usofolga','2025-01-05 00:46:42.345881');
INSERT INTO django_migrations VALUES(23,'funcionarios','0005_ferias_data_retorno_alter_ferias_data_fim_and_more','2025-01-05 13:24:25.802902');
INSERT INTO django_migrations VALUES(24,'funcionarios','0006_alter_feriado_tipo','2025-01-05 13:26:40.482692');
INSERT INTO django_migrations VALUES(25,'funcionarios','0007_documento','2025-01-05 14:11:54.583914');
INSERT INTO django_migrations VALUES(26,'funcionarios','0008_remove_ferias_data_atualizacao_and_more','2025-01-05 14:17:41.650232');
INSERT INTO django_migrations VALUES(27,'funcionarios','0009_alter_plantao_tipo_presenca','2025-01-08 20:17:00.764151');
INSERT INTO django_migrations VALUES(28,'funcionarios','0010_presenca_tipo_trabalho','2025-01-08 20:23:42.838695');
INSERT INTO django_migrations VALUES(29,'funcionarios','0011_folga','2025-01-09 01:40:24.601292');
CREATE TABLE IF NOT EXISTS "auth_group_permissions" ("id" integer NOT NULL PRIMARY KEY AUTOINCREMENT, "group_id" integer NOT NULL REFERENCES "auth_group" ("id") DEFERRABLE INITIALLY DEFERRED, "permission_id" integer NOT NULL REFERENCES "auth_permission" ("id") DEFERRABLE INITIALLY DEFERRED);
INSERT INTO auth_group_permissions VALUES(1,1,1);
INSERT INTO auth_group_permissions VALUES(4,3,32);
INSERT INTO auth_group_permissions VALUES(5,3,33);
INSERT INTO auth_group_permissions VALUES(6,3,34);
INSERT INTO auth_group_permissions VALUES(7,3,35);
INSERT INTO auth_group_permissions VALUES(8,3,36);
INSERT INTO auth_group_permissions VALUES(9,3,29);
INSERT INTO auth_group_permissions VALUES(10,3,30);
INSERT INTO auth_group_permissions VALUES(11,3,31);
INSERT INTO auth_group_permissions VALUES(12,1,2);
INSERT INTO auth_group_permissions VALUES(13,1,3);
INSERT INTO auth_group_permissions VALUES(14,1,4);
INSERT INTO auth_group_permissions VALUES(15,1,5);
INSERT INTO auth_group_permissions VALUES(16,1,6);
INSERT INTO auth_group_permissions VALUES(17,1,7);
INSERT INTO auth_group_permissions VALUES(18,1,8);
INSERT INTO auth_group_permissions VALUES(19,1,9);
INSERT INTO auth_group_permissions VALUES(20,1,10);
INSERT INTO auth_group_permissions VALUES(21,1,11);
INSERT INTO auth_group_permissions VALUES(22,1,12);
INSERT INTO auth_group_permissions VALUES(23,1,13);
INSERT INTO auth_group_permissions VALUES(24,1,14);
INSERT INTO auth_group_permissions VALUES(25,1,15);
INSERT INTO auth_group_permissions VALUES(26,1,16);
INSERT INTO auth_group_permissions VALUES(27,1,17);
INSERT INTO auth_group_permissions VALUES(28,1,18);
INSERT INTO auth_group_permissions VALUES(29,1,19);
INSERT INTO auth_group_permissions VALUES(30,1,20);
INSERT INTO auth_group_permissions VALUES(31,1,21);
INSERT INTO auth_group_permissions VALUES(32,1,22);
INSERT INTO auth_group_permissions VALUES(33,1,23);
INSERT INTO auth_group_permissions VALUES(34,1,24);
INSERT INTO auth_group_permissions VALUES(35,1,25);
INSERT INTO auth_group_permissions VALUES(36,1,26);
INSERT INTO auth_group_permissions VALUES(37,1,27);
INSERT INTO auth_group_permissions VALUES(38,1,28);
INSERT INTO auth_group_permissions VALUES(39,1,29);
INSERT INTO auth_group_permissions VALUES(40,1,30);
INSERT INTO auth_group_permissions VALUES(41,1,31);
INSERT INTO auth_group_permissions VALUES(42,1,32);
INSERT INTO auth_group_permissions VALUES(43,1,33);
INSERT INTO auth_group_permissions VALUES(44,1,34);
INSERT INTO auth_group_permissions VALUES(45,1,35);
INSERT INTO auth_group_permissions VALUES(46,1,36);
INSERT INTO auth_group_permissions VALUES(47,1,37);
INSERT INTO auth_group_permissions VALUES(48,1,38);
INSERT INTO auth_group_permissions VALUES(49,1,39);
INSERT INTO auth_group_permissions VALUES(50,1,40);
INSERT INTO auth_group_permissions VALUES(51,3,5);
INSERT INTO auth_group_permissions VALUES(52,3,6);
INSERT INTO auth_group_permissions VALUES(53,3,7);
INSERT INTO auth_group_permissions VALUES(54,3,8);
INSERT INTO auth_group_permissions VALUES(55,3,9);
INSERT INTO auth_group_permissions VALUES(56,3,10);
INSERT INTO auth_group_permissions VALUES(57,3,11);
INSERT INTO auth_group_permissions VALUES(58,3,12);
INSERT INTO auth_group_permissions VALUES(59,3,13);
INSERT INTO auth_group_permissions VALUES(60,3,14);
INSERT INTO auth_group_permissions VALUES(61,3,15);
INSERT INTO auth_group_permissions VALUES(62,3,16);
INSERT INTO auth_group_permissions VALUES(63,3,17);
INSERT INTO auth_group_permissions VALUES(64,3,18);
INSERT INTO auth_group_permissions VALUES(65,3,19);
INSERT INTO auth_group_permissions VALUES(66,3,20);
INSERT INTO auth_group_permissions VALUES(67,3,21);
INSERT INTO auth_group_permissions VALUES(68,3,22);
INSERT INTO auth_group_permissions VALUES(69,3,23);
INSERT INTO auth_group_permissions VALUES(70,3,24);
INSERT INTO auth_group_permissions VALUES(71,3,25);
INSERT INTO auth_group_permissions VALUES(72,3,26);
INSERT INTO auth_group_permissions VALUES(73,3,27);
INSERT INTO auth_group_permissions VALUES(74,3,28);
INSERT INTO auth_group_permissions VALUES(75,3,37);
INSERT INTO auth_group_permissions VALUES(76,3,38);
INSERT INTO auth_group_permissions VALUES(77,3,39);
INSERT INTO auth_group_permissions VALUES(78,3,40);
INSERT INTO auth_group_permissions VALUES(79,3,41);
INSERT INTO auth_group_permissions VALUES(80,3,42);
INSERT INTO auth_group_permissions VALUES(81,3,43);
INSERT INTO auth_group_permissions VALUES(82,3,44);
INSERT INTO auth_group_permissions VALUES(83,3,45);
INSERT INTO auth_group_permissions VALUES(84,3,46);
INSERT INTO auth_group_permissions VALUES(85,3,47);
INSERT INTO auth_group_permissions VALUES(86,3,48);
CREATE TABLE IF NOT EXISTS "auth_user_groups" ("id" integer NOT NULL PRIMARY KEY AUTOINCREMENT, "user_id" integer NOT NULL REFERENCES "auth_user" ("id") DEFERRABLE INITIALLY DEFERRED, "group_id" integer NOT NULL REFERENCES "auth_group" ("id") DEFERRABLE INITIALLY DEFERRED);
INSERT INTO auth_user_groups VALUES(8,14,3);
INSERT INTO auth_user_groups VALUES(9,1,1);
INSERT INTO auth_user_groups VALUES(10,16,3);
CREATE TABLE IF NOT EXISTS "auth_user_user_permissions" ("id" integer NOT NULL PRIMARY KEY AUTOINCREMENT, "user_id" integer NOT NULL REFERENCES "auth_user" ("id") DEFERRABLE INITIALLY DEFERRED, "permission_id" integer NOT NULL REFERENCES "auth_permission" ("id") DEFERRABLE INITIALLY DEFERRED);
INSERT INTO auth_user_user_permissions VALUES(3,14,32);
INSERT INTO auth_user_user_permissions VALUES(4,14,33);
INSERT INTO auth_user_user_permissions VALUES(5,14,34);
INSERT INTO auth_user_user_permissions VALUES(6,14,35);
INSERT INTO auth_user_user_permissions VALUES(7,14,36);
INSERT INTO auth_user_user_permissions VALUES(8,14,29);
INSERT INTO auth_user_user_permissions VALUES(9,14,30);
INSERT INTO auth_user_user_permissions VALUES(10,14,31);
INSERT INTO auth_user_user_permissions VALUES(11,1,1);
INSERT INTO auth_user_user_permissions VALUES(12,1,2);
INSERT INTO auth_user_user_permissions VALUES(13,1,3);
INSERT INTO auth_user_user_permissions VALUES(14,1,4);
INSERT INTO auth_user_user_permissions VALUES(15,1,5);
INSERT INTO auth_user_user_permissions VALUES(16,1,6);
INSERT INTO auth_user_user_permissions VALUES(17,1,7);
INSERT INTO auth_user_user_permissions VALUES(18,1,8);
INSERT INTO auth_user_user_permissions VALUES(19,1,9);
INSERT INTO auth_user_user_permissions VALUES(20,1,10);
INSERT INTO auth_user_user_permissions VALUES(21,1,11);
INSERT INTO auth_user_user_permissions VALUES(22,1,12);
INSERT INTO auth_user_user_permissions VALUES(23,1,13);
INSERT INTO auth_user_user_permissions VALUES(24,1,14);
INSERT INTO auth_user_user_permissions VALUES(25,1,15);
INSERT INTO auth_user_user_permissions VALUES(26,1,16);
INSERT INTO auth_user_user_permissions VALUES(27,1,17);
INSERT INTO auth_user_user_permissions VALUES(28,1,18);
INSERT INTO auth_user_user_permissions VALUES(29,1,19);
INSERT INTO auth_user_user_permissions VALUES(30,1,20);
INSERT INTO auth_user_user_permissions VALUES(31,1,21);
INSERT INTO auth_user_user_permissions VALUES(32,1,22);
INSERT INTO auth_user_user_permissions VALUES(33,1,23);
INSERT INTO auth_user_user_permissions VALUES(34,1,24);
INSERT INTO auth_user_user_permissions VALUES(35,1,25);
INSERT INTO auth_user_user_permissions VALUES(36,1,26);
INSERT INTO auth_user_user_permissions VALUES(37,1,27);
INSERT INTO auth_user_user_permissions VALUES(38,1,28);
INSERT INTO auth_user_user_permissions VALUES(39,1,29);
INSERT INTO auth_user_user_permissions VALUES(40,1,30);
INSERT INTO auth_user_user_permissions VALUES(41,1,31);
INSERT INTO auth_user_user_permissions VALUES(42,1,32);
INSERT INTO auth_user_user_permissions VALUES(43,1,33);
INSERT INTO auth_user_user_permissions VALUES(44,1,34);
INSERT INTO auth_user_user_permissions VALUES(45,1,35);
INSERT INTO auth_user_user_permissions VALUES(46,1,36);
INSERT INTO auth_user_user_permissions VALUES(47,1,40);
INSERT INTO auth_user_user_permissions VALUES(48,1,37);
INSERT INTO auth_user_user_permissions VALUES(49,1,38);
INSERT INTO auth_user_user_permissions VALUES(50,1,39);
INSERT INTO auth_user_user_permissions VALUES(51,16,1);
INSERT INTO auth_user_user_permissions VALUES(52,16,2);
INSERT INTO auth_user_user_permissions VALUES(53,16,3);
INSERT INTO auth_user_user_permissions VALUES(54,16,4);
INSERT INTO auth_user_user_permissions VALUES(55,16,5);
INSERT INTO auth_user_user_permissions VALUES(56,16,6);
INSERT INTO auth_user_user_permissions VALUES(57,16,7);
INSERT INTO auth_user_user_permissions VALUES(58,16,8);
INSERT INTO auth_user_user_permissions VALUES(59,16,9);
INSERT INTO auth_user_user_permissions VALUES(60,16,10);
INSERT INTO auth_user_user_permissions VALUES(61,16,11);
INSERT INTO auth_user_user_permissions VALUES(62,16,12);
INSERT INTO auth_user_user_permissions VALUES(63,16,13);
INSERT INTO auth_user_user_permissions VALUES(64,16,14);
INSERT INTO auth_user_user_permissions VALUES(65,16,15);
INSERT INTO auth_user_user_permissions VALUES(66,16,16);
INSERT INTO auth_user_user_permissions VALUES(67,16,17);
INSERT INTO auth_user_user_permissions VALUES(68,16,18);
INSERT INTO auth_user_user_permissions VALUES(69,16,19);
INSERT INTO auth_user_user_permissions VALUES(70,16,20);
INSERT INTO auth_user_user_permissions VALUES(71,16,21);
INSERT INTO auth_user_user_permissions VALUES(72,16,22);
INSERT INTO auth_user_user_permissions VALUES(73,16,23);
INSERT INTO auth_user_user_permissions VALUES(74,16,24);
INSERT INTO auth_user_user_permissions VALUES(75,16,25);
INSERT INTO auth_user_user_permissions VALUES(76,16,26);
INSERT INTO auth_user_user_permissions VALUES(77,16,27);
INSERT INTO auth_user_user_permissions VALUES(78,16,28);
INSERT INTO auth_user_user_permissions VALUES(79,16,29);
INSERT INTO auth_user_user_permissions VALUES(80,16,30);
INSERT INTO auth_user_user_permissions VALUES(81,16,31);
INSERT INTO auth_user_user_permissions VALUES(82,16,32);
INSERT INTO auth_user_user_permissions VALUES(83,16,33);
INSERT INTO auth_user_user_permissions VALUES(84,16,34);
INSERT INTO auth_user_user_permissions VALUES(85,16,35);
INSERT INTO auth_user_user_permissions VALUES(86,16,36);
INSERT INTO auth_user_user_permissions VALUES(87,16,37);
INSERT INTO auth_user_user_permissions VALUES(88,16,38);
INSERT INTO auth_user_user_permissions VALUES(89,16,39);
INSERT INTO auth_user_user_permissions VALUES(90,16,40);
INSERT INTO auth_user_user_permissions VALUES(91,16,41);
INSERT INTO auth_user_user_permissions VALUES(92,16,42);
INSERT INTO auth_user_user_permissions VALUES(93,16,43);
INSERT INTO auth_user_user_permissions VALUES(94,16,44);
INSERT INTO auth_user_user_permissions VALUES(95,16,45);
INSERT INTO auth_user_user_permissions VALUES(96,16,46);
INSERT INTO auth_user_user_permissions VALUES(97,16,47);
INSERT INTO auth_user_user_permissions VALUES(98,16,48);
CREATE TABLE IF NOT EXISTS "django_admin_log" ("id" integer NOT NULL PRIMARY KEY AUTOINCREMENT, "object_id" text NULL, "object_repr" varchar(200) NOT NULL, "action_flag" smallint unsigned NOT NULL CHECK ("action_flag" >= 0), "change_message" text NOT NULL, "content_type_id" integer NULL REFERENCES "django_content_type" ("id") DEFERRABLE INITIALLY DEFERRED, "user_id" integer NOT NULL REFERENCES "auth_user" ("id") DEFERRABLE INITIALLY DEFERRED, "action_time" datetime NOT NULL);
INSERT INTO django_admin_log VALUES(1,'1','Marcelo Ribeiro (12121)',1,'[{"added": {}}]',7,1,'2025-01-03 21:38:20.619794');
INSERT INTO django_admin_log VALUES(2,'1','Férias de Marcelo Ribeiro - 2025-01-06 até 2025-01-17',1,'[{"added": {}}]',9,1,'2025-01-03 21:38:56.070768');
INSERT INTO django_admin_log VALUES(3,'2','nat@nta.com',1,'[{"added": {}}]',4,1,'2025-01-03 22:05:26.987641');
INSERT INTO django_admin_log VALUES(4,'1','mar',1,'[{"added": {}}]',3,1,'2025-01-03 22:08:45.846335');
INSERT INTO django_admin_log VALUES(5,'1','Plantão de Marcelo Ribeiro em 2025-01-05',1,'[{"added": {}}]',8,1,'2025-01-03 22:09:59.436405');
INSERT INTO django_admin_log VALUES(6,'3','nathany@nat.com',1,'[{"added": {}}]',4,1,'2025-01-03 22:12:51.123934');
INSERT INTO django_admin_log VALUES(7,'2','Servidores',1,'[{"added": {}}]',3,1,'2025-01-03 22:16:14.101261');
INSERT INTO django_admin_log VALUES(8,'1','Adm',2,'[{"changed": {"fields": ["Name"]}}]',3,1,'2025-01-03 22:16:30.984108');
INSERT INTO django_admin_log VALUES(9,'3','nathany@nat.com',2,'[{"changed": {"fields": ["First name", "Groups"]}}, {"added": {"name": "funcionario", "object": "Nathany (32323)"}}]',4,1,'2025-01-03 22:17:42.381393');
INSERT INTO django_admin_log VALUES(10,'4','Silvio2010@',1,'[{"added": {}}, {"added": {"name": "funcionario", "object": "Silvio (99999)"}}]',4,1,'2025-01-03 22:24:23.108009');
INSERT INTO django_admin_log VALUES(11,'2','Férias de Marcelo Ribeiro - 2025-03-03 até 2025-03-14',3,'',9,1,'2025-01-03 22:27:08.180209');
INSERT INTO django_admin_log VALUES(12,'1','Férias de Marcelo Ribeiro - 2025-01-06 até 2025-01-17',3,'',9,1,'2025-01-03 22:27:08.181563');
INSERT INTO django_admin_log VALUES(13,'2','nat@nta.com',3,'',4,1,'2025-01-03 22:29:41.734730');
INSERT INTO django_admin_log VALUES(14,'3','nathany@nat.com',3,'',4,1,'2025-01-03 22:30:20.152658');
INSERT INTO django_admin_log VALUES(15,'5','Wagner@10',1,'[{"added": {}}, {"added": {"name": "Funcion\u00e1rio", "object": "Wagner (88888)"}}]',4,1,'2025-01-03 22:43:38.013436');
INSERT INTO django_admin_log VALUES(16,'5','Wagner@10',2,'[{"changed": {"fields": ["Staff status", "Groups"]}}]',4,1,'2025-01-03 22:43:56.448307');
INSERT INTO django_admin_log VALUES(17,'6','Thais2010',1,'[{"added": {}}, {"added": {"name": "Funcion\u00e1rio", "object": "Thais (66666)"}}]',4,1,'2025-01-03 22:48:11.275741');
INSERT INTO django_admin_log VALUES(18,'6','Thais2010',2,'[{"changed": {"fields": ["Groups"]}}]',4,1,'2025-01-03 22:48:19.532943');
INSERT INTO django_admin_log VALUES(19,'6','Férias de Thais - 2025-01-03 até 2025-01-17',3,'',9,1,'2025-01-03 23:05:55.147196');
INSERT INTO django_admin_log VALUES(20,'5','Férias de Wagner - 2025-01-03 até 2025-01-17',3,'',9,1,'2025-01-03 23:05:55.157566');
INSERT INTO django_admin_log VALUES(21,'4','Férias de Silvio - 2025-01-03 até 2025-01-17',3,'',9,1,'2025-01-03 23:05:55.158711');
INSERT INTO django_admin_log VALUES(22,'3','Férias de Marcelo Ribeiro - 2025-01-03 até 2025-01-17',3,'',9,1,'2025-01-03 23:05:55.159773');
INSERT INTO django_admin_log VALUES(23,'8','Férias de Silvio - 2025-01-03 até 2025-01-10',3,'',9,1,'2025-01-03 23:07:59.963114');
INSERT INTO django_admin_log VALUES(24,'7','Férias de Marcelo Ribeiro - 2025-01-03 até 2025-01-10',3,'',9,1,'2025-01-03 23:07:59.968804');
INSERT INTO django_admin_log VALUES(25,'1','Marcelo Ribeiro (12121)',2,'[{"changed": {"fields": ["Dias de F\u00e9rias Dispon\u00edveis"]}}]',7,1,'2025-01-03 23:08:14.396387');
INSERT INTO django_admin_log VALUES(26,'3','Silvio (99999)',2,'[{"changed": {"fields": ["Dias de F\u00e9rias Dispon\u00edveis"]}}]',7,1,'2025-01-03 23:08:22.406055');
INSERT INTO django_admin_log VALUES(27,'5','Thais (66666)',2,'[{"changed": {"fields": ["Dias de F\u00e9rias Dispon\u00edveis"]}}]',7,1,'2025-01-03 23:08:29.724514');
INSERT INTO django_admin_log VALUES(28,'4','Wagner (88888)',2,'[{"changed": {"fields": ["Dias de F\u00e9rias Dispon\u00edveis"]}}]',7,1,'2025-01-03 23:08:34.826506');
INSERT INTO django_admin_log VALUES(29,'2','Férias de Silvio - Em Andamento',3,'',9,1,'2025-01-03 23:14:05.040257');
INSERT INTO django_admin_log VALUES(30,'5','Wagner@10',3,'',4,1,'2025-01-03 23:19:59.808808');
INSERT INTO django_admin_log VALUES(31,'6','Thais2010',3,'',4,1,'2025-01-03 23:19:59.811438');
INSERT INTO django_admin_log VALUES(32,'4','Silvio2010@',3,'',4,1,'2025-01-03 23:19:59.812436');
INSERT INTO django_admin_log VALUES(33,'1','Férias de Marcelo Ribeiro - Em Andamento',3,'',9,1,'2025-01-03 23:21:01.947804');
INSERT INTO django_admin_log VALUES(34,'1','Plantão de Marcelo Ribeiro em 2025-01-05',3,'',8,1,'2025-01-03 23:21:12.765407');
INSERT INTO django_admin_log VALUES(35,'7','Silvio2010',1,'[{"added": {}}, {"added": {"name": "Funcion\u00e1rio", "object": "Silvio (121212)"}}]',4,1,'2025-01-03 23:22:34.691447');
INSERT INTO django_admin_log VALUES(36,'7','Silvio2010',2,'[{"changed": {"fields": ["Groups"]}}]',4,1,'2025-01-03 23:22:50.152870');
INSERT INTO django_admin_log VALUES(37,'7','Silvio2010',2,'[]',4,1,'2025-01-03 23:24:50.193972');
INSERT INTO django_admin_log VALUES(38,'7','Silvio2010',3,'',4,1,'2025-01-03 23:25:03.355642');
INSERT INTO django_admin_log VALUES(39,'8','silvio2010',1,'[{"added": {}}, {"added": {"name": "Funcion\u00e1rio", "object": "Silvio (99999)"}}]',4,1,'2025-01-03 23:25:36.924482');
INSERT INTO django_admin_log VALUES(40,'8','silvio2010',2,'[{"changed": {"fields": ["Groups"]}}]',4,1,'2025-01-03 23:25:46.192661');
INSERT INTO django_admin_log VALUES(41,'7','Silvio (99999)',3,'',7,1,'2025-01-03 23:27:44.432280');
INSERT INTO django_admin_log VALUES(42,'8','silvio2010',3,'',4,1,'2025-01-03 23:28:10.806637');
INSERT INTO django_admin_log VALUES(43,'9','silvio@',1,'[{"added": {}}, {"added": {"name": "Funcion\u00e1rio", "object": "Silvio (1212)"}}]',4,1,'2025-01-03 23:29:14.987565');
INSERT INTO django_admin_log VALUES(44,'9','silvio@',2,'[{"changed": {"fields": ["Groups", "User permissions"]}}]',4,1,'2025-01-03 23:29:50.740442');
INSERT INTO django_admin_log VALUES(45,'9','silvio@',3,'',4,1,'2025-01-03 23:32:53.582283');
INSERT INTO django_admin_log VALUES(46,'10','silvio@',1,'[{"added": {}}, {"added": {"name": "Funcion\u00e1rio", "object": "Silvio (34343)"}}]',4,1,'2025-01-03 23:33:39.265621');
INSERT INTO django_admin_log VALUES(47,'10','silvio@',2,'[{"changed": {"fields": ["Staff status", "Groups"]}}]',4,1,'2025-01-03 23:34:34.209152');
INSERT INTO django_admin_log VALUES(65,'1','Marcelo Ribeiro (000000)',2,'[{"changed": {"fields": ["Dias de F\u00e9rias Dispon\u00edveis"]}}]',7,1,'2025-01-04 23:29:46.952971');
INSERT INTO django_admin_log VALUES(66,'9','Férias de Marcelo Ribeiro - Agendado',1,'[{"added": {}}]',9,1,'2025-01-04 23:30:04.643005');
INSERT INTO django_admin_log VALUES(67,'9','Férias de Marcelo Ribeiro - Agendado',3,'',9,1,'2025-01-04 23:30:29.329690');
INSERT INTO django_admin_log VALUES(68,'1','Marcelo Ribeiro (000000)',2,'[{"changed": {"fields": ["Cargo"]}}]',7,1,'2025-01-04 23:31:11.193573');
INSERT INTO django_admin_log VALUES(69,'10','Férias de Silvio Tamacia - Agendado',1,'[{"added": {}}]',9,1,'2025-01-04 23:32:34.305321');
INSERT INTO django_admin_log VALUES(70,'10','Férias de Silvio Tamacia - Agendado',3,'',9,1,'2025-01-04 23:32:55.172599');
INSERT INTO django_admin_log VALUES(71,'11','Férias de Marcelo Ribeiro - Agendado',3,'',9,1,'2025-01-04 23:35:36.513798');
INSERT INTO django_admin_log VALUES(72,'1','Marcelo Ribeiro (000000)',2,'[{"changed": {"fields": ["Dias de F\u00e9rias Dispon\u00edveis"]}}]',7,1,'2025-01-04 23:36:21.832134');
INSERT INTO django_admin_log VALUES(73,'10','Silvio Tamacia (000001)',2,'[{"changed": {"fields": ["Dias de F\u00e9rias Dispon\u00edveis"]}}]',7,1,'2025-01-04 23:36:28.120233');
INSERT INTO django_admin_log VALUES(74,'12','Férias de Marcelo Ribeiro - Agendado',1,'[{"added": {}}]',9,1,'2025-01-04 23:36:45.237384');
INSERT INTO django_admin_log VALUES(75,'12','Férias de Marcelo Ribeiro - Agendado',3,'',9,1,'2025-01-04 23:38:09.813545');
INSERT INTO django_admin_log VALUES(76,'1','Marcelo Ribeiro (000000)',2,'[{"changed": {"fields": ["Dias de F\u00e9rias Dispon\u00edveis"]}}]',7,1,'2025-01-04 23:39:42.929340');
INSERT INTO django_admin_log VALUES(77,'13','Férias de Marcelo Ribeiro - Agendado',1,'[{"added": {}}]',9,1,'2025-01-04 23:40:01.577974');
INSERT INTO django_admin_log VALUES(78,'13','Férias de Marcelo Ribeiro - Agendado',3,'',9,1,'2025-01-04 23:40:21.959187');
INSERT INTO django_admin_log VALUES(79,'14','silvio@',2,'[{"changed": {"fields": ["Groups"]}}]',4,1,'2025-01-04 23:42:24.242145');
INSERT INTO django_admin_log VALUES(80,'14','silvio@',2,'[{"changed": {"fields": ["User permissions"]}}]',4,1,'2025-01-04 23:43:33.527297');
INSERT INTO django_admin_log VALUES(81,'14','silvio@',2,'[{"changed": {"fields": ["Staff status"]}}]',4,1,'2025-01-04 23:45:11.926272');
INSERT INTO django_admin_log VALUES(82,'10','Silvio Tamacia (000001)',2,'[]',7,1,'2025-01-04 23:45:16.961160');
INSERT INTO django_admin_log VALUES(83,'1','mar',2,'[{"changed": {"fields": ["Groups"]}}]',4,1,'2025-01-05 00:34:10.220145');
INSERT INTO django_admin_log VALUES(84,'1','mar',2,'[{"changed": {"fields": ["User permissions"]}}]',4,1,'2025-01-05 00:34:50.811395');
INSERT INTO django_admin_log VALUES(85,'14','Férias de Silvio Tamacia - Agendado',3,'',9,14,'2025-01-05 00:42:11.769024');
INSERT INTO django_admin_log VALUES(86,'5','Plantão de Marcelo Ribeiro em 2025-01-12',1,'[{"added": {}}]',8,1,'2025-01-05 12:48:55.414141');
INSERT INTO django_admin_log VALUES(87,'13','vic',3,'',4,1,'2025-01-05 12:51:31.603059');
INSERT INTO django_admin_log VALUES(88,'1','Adm',2,'[{"changed": {"fields": ["Permissions"]}}]',3,1,'2025-01-05 12:51:58.215488');
INSERT INTO django_admin_log VALUES(89,'3','Servidor',2,'[]',3,1,'2025-01-05 12:52:05.836153');
INSERT INTO django_admin_log VALUES(90,'1','Adm',2,'[{"changed": {"fields": ["Username", "Email address"]}}, {"changed": {"name": "Funcion\u00e1rio", "object": "Administrador (000000)", "fields": ["Nome", "Cargo", "Dias de F\u00e9rias Dispon\u00edveis"]}}]',4,1,'2025-01-05 12:53:07.466507');
INSERT INTO django_admin_log VALUES(91,'15','marcelo@',1,'[{"added": {}}, {"added": {"name": "Funcion\u00e1rio", "object": "Marcelo Silva Ribeiro (000002)"}}]',4,1,'2025-01-05 12:54:48.794040');
INSERT INTO django_admin_log VALUES(92,'1','Adm',2,'[{"changed": {"fields": ["password"]}}]',4,1,'2025-01-05 13:00:43.658906');
INSERT INTO django_admin_log VALUES(93,'15','marcelo@',2,'[{"changed": {"fields": ["password"]}}]',4,1,'2025-01-05 13:01:28.326359');
INSERT INTO django_admin_log VALUES(94,'5','Plantão de Administrador em 2025-01-12',3,'',8,1,'2025-01-05 13:02:50.894033');
INSERT INTO django_admin_log VALUES(95,'4','Plantão de Administrador em 2025-01-25',3,'',8,1,'2025-01-05 13:02:50.894089');
INSERT INTO django_admin_log VALUES(96,'2','Plantão de Silvio Tamacia em 2025-01-05',3,'',8,1,'2025-01-05 13:03:09.166134');
INSERT INTO django_admin_log VALUES(97,'3','Plantão de Silvio Tamacia em 2025-01-20',3,'',8,1,'2025-01-05 13:03:09.166180');
INSERT INTO django_admin_log VALUES(98,'15','Férias de Silvio Tamacia - Agendado',3,'',9,14,'2025-01-05 13:06:22.981794');
INSERT INTO django_admin_log VALUES(99,'1','Adm',2,'[{"changed": {"fields": ["User permissions"]}}]',4,1,'2025-01-05 13:08:06.972180');
INSERT INTO django_admin_log VALUES(100,'1','Adm',2,'[{"changed": {"fields": ["Staff status"]}}]',4,1,'2025-01-05 13:09:04.542507');
INSERT INTO django_admin_log VALUES(101,'15','marcelo@',2,'[{"changed": {"fields": ["password"]}}]',4,1,'2025-01-05 14:15:40.932054');
INSERT INTO django_admin_log VALUES(102,'15','marcelo@',2,'[{"changed": {"fields": ["password"]}}]',4,1,'2025-01-05 14:19:44.928174');
INSERT INTO django_admin_log VALUES(103,'15','marcelo@',2,'[]',4,1,'2025-01-05 14:19:48.751553');
INSERT INTO django_admin_log VALUES(104,'17','Férias de Silvio Tamacia - Agendado',1,'[{"added": {}}]',9,14,'2025-01-05 14:23:38.009151');
INSERT INTO django_admin_log VALUES(105,'15','marcelo@',2,'[{"changed": {"fields": ["password"]}}]',4,1,'2025-01-05 14:25:32.492259');
INSERT INTO django_admin_log VALUES(106,'11','Marcelo Silva Ribeiro (000002)',3,'',7,1,'2025-01-05 14:38:16.693697');
INSERT INTO django_admin_log VALUES(107,'16','marcelos@',1,'[{"added": {}}, {"added": {"name": "Funcion\u00e1rio", "object": "Marcelo S Ribeiro (0002020)"}}]',4,1,'2025-01-05 14:39:08.500468');
INSERT INTO django_admin_log VALUES(108,'15','marcelo@',3,'',4,1,'2025-01-05 14:39:25.476375');
INSERT INTO django_admin_log VALUES(109,'16','marcelos@',2,'[{"changed": {"fields": ["Staff status", "Groups"]}}]',4,1,'2025-01-05 14:39:49.883300');
INSERT INTO django_admin_log VALUES(110,'3','Servidor',2,'[{"changed": {"fields": ["Permissions"]}}]',3,1,'2025-01-05 14:40:38.660110');
INSERT INTO django_admin_log VALUES(111,'16','marcelos@',2,'[{"changed": {"fields": ["User permissions"]}}]',4,1,'2025-01-05 14:41:45.735774');
INSERT INTO django_admin_log VALUES(112,'20','Férias de Silvio Tamacia - Cancelado',3,'',9,1,'2025-01-08 20:39:56.923754');
INSERT INTO django_admin_log VALUES(113,'17','Férias de Silvio Tamacia - Cancelado',3,'',9,1,'2025-01-08 20:39:56.926959');
INSERT INTO django_admin_log VALUES(114,'28','Férias de Marcelo S Ribeiro - Agendado',3,'',9,16,'2025-01-09 02:00:05.222318');
INSERT INTO django_admin_log VALUES(115,'21','Férias de Marcelo S Ribeiro - Em Andamento',3,'',9,16,'2025-01-09 02:00:05.224859');
INSERT INTO django_admin_log VALUES(116,'12','Marcelo S Ribeiro (0002020)',2,'[{"changed": {"fields": ["Dias de F\u00e9rias Dispon\u00edveis"]}}]',7,16,'2025-01-09 02:00:37.445234');
INSERT INTO django_admin_log VALUES(117,'10','Silvio Tamacia (000001)',2,'[{"changed": {"fields": ["Dias de F\u00e9rias Dispon\u00edveis"]}}]',7,16,'2025-01-09 02:01:03.545255');
CREATE TABLE IF NOT EXISTS "django_content_type" ("id" integer NOT NULL PRIMARY KEY AUTOINCREMENT, "app_label" varchar(100) NOT NULL, "model" varchar(100) NOT NULL);
INSERT INTO django_content_type VALUES(1,'admin','logentry');
INSERT INTO django_content_type VALUES(2,'auth','permission');
INSERT INTO django_content_type VALUES(3,'auth','group');
INSERT INTO django_content_type VALUES(4,'auth','user');
INSERT INTO django_content_type VALUES(5,'contenttypes','contenttype');
INSERT INTO django_content_type VALUES(6,'sessions','session');
INSERT INTO django_content_type VALUES(7,'funcionarios','funcionario');
INSERT INTO django_content_type VALUES(8,'funcionarios','plantao');
INSERT INTO django_content_type VALUES(9,'funcionarios','ferias');
INSERT INTO django_content_type VALUES(10,'funcionarios','usofolga');
INSERT INTO django_content_type VALUES(11,'funcionarios','feriado');
INSERT INTO django_content_type VALUES(12,'funcionarios','documento');
INSERT INTO django_content_type VALUES(13,'funcionarios','presenca');
INSERT INTO django_content_type VALUES(14,'funcionarios','folga');
CREATE TABLE IF NOT EXISTS "auth_permission" ("id" integer NOT NULL PRIMARY KEY AUTOINCREMENT, "content_type_id" integer NOT NULL REFERENCES "django_content_type" ("id") DEFERRABLE INITIALLY DEFERRED, "codename" varchar(100) NOT NULL, "name" varchar(255) NOT NULL);
INSERT INTO auth_permission VALUES(1,1,'add_logentry','Can add log entry');
INSERT INTO auth_permission VALUES(2,1,'change_logentry','Can change log entry');
INSERT INTO auth_permission VALUES(3,1,'delete_logentry','Can delete log entry');
INSERT INTO auth_permission VALUES(4,1,'view_logentry','Can view log entry');
INSERT INTO auth_permission VALUES(5,2,'add_permission','Can add permission');
INSERT INTO auth_permission VALUES(6,2,'change_permission','Can change permission');
INSERT INTO auth_permission VALUES(7,2,'delete_permission','Can delete permission');
INSERT INTO auth_permission VALUES(8,2,'view_permission','Can view permission');
INSERT INTO auth_permission VALUES(9,3,'add_group','Can add group');
INSERT INTO auth_permission VALUES(10,3,'change_group','Can change group');
INSERT INTO auth_permission VALUES(11,3,'delete_group','Can delete group');
INSERT INTO auth_permission VALUES(12,3,'view_group','Can view group');
INSERT INTO auth_permission VALUES(13,4,'add_user','Can add user');
INSERT INTO auth_permission VALUES(14,4,'change_user','Can change user');
INSERT INTO auth_permission VALUES(15,4,'delete_user','Can delete user');
INSERT INTO auth_permission VALUES(16,4,'view_user','Can view user');
INSERT INTO auth_permission VALUES(17,5,'add_contenttype','Can add content type');
INSERT INTO auth_permission VALUES(18,5,'change_contenttype','Can change content type');
INSERT INTO auth_permission VALUES(19,5,'delete_contenttype','Can delete content type');
INSERT INTO auth_permission VALUES(20,5,'view_contenttype','Can view content type');
INSERT INTO auth_permission VALUES(21,6,'add_session','Can add session');
INSERT INTO auth_permission VALUES(22,6,'change_session','Can change session');
INSERT INTO auth_permission VALUES(23,6,'delete_session','Can delete session');
INSERT INTO auth_permission VALUES(24,6,'view_session','Can view session');
INSERT INTO auth_permission VALUES(25,7,'add_funcionario','Can add funcionario');
INSERT INTO auth_permission VALUES(26,7,'change_funcionario','Can change funcionario');
INSERT INTO auth_permission VALUES(27,7,'delete_funcionario','Can delete funcionario');
INSERT INTO auth_permission VALUES(28,7,'view_funcionario','Can view funcionario');
INSERT INTO auth_permission VALUES(29,8,'add_plantao','Can add Plantão');
INSERT INTO auth_permission VALUES(30,8,'change_plantao','Can change Plantão');
INSERT INTO auth_permission VALUES(31,8,'delete_plantao','Can delete Plantão');
INSERT INTO auth_permission VALUES(32,8,'view_plantao','Can view Plantão');
INSERT INTO auth_permission VALUES(33,9,'add_ferias','Can add Férias');
INSERT INTO auth_permission VALUES(34,9,'change_ferias','Can change Férias');
INSERT INTO auth_permission VALUES(35,9,'delete_ferias','Can delete Férias');
INSERT INTO auth_permission VALUES(36,9,'view_ferias','Can view Férias');
INSERT INTO auth_permission VALUES(37,10,'add_usofolga','Can add Uso de Folga');
INSERT INTO auth_permission VALUES(38,10,'change_usofolga','Can change Uso de Folga');
INSERT INTO auth_permission VALUES(39,10,'delete_usofolga','Can delete Uso de Folga');
INSERT INTO auth_permission VALUES(40,10,'view_usofolga','Can view Uso de Folga');
INSERT INTO auth_permission VALUES(41,11,'add_feriado','Can add Feriado');
INSERT INTO auth_permission VALUES(42,11,'change_feriado','Can change Feriado');
INSERT INTO auth_permission VALUES(43,11,'delete_feriado','Can delete Feriado');
INSERT INTO auth_permission VALUES(44,11,'view_feriado','Can view Feriado');
INSERT INTO auth_permission VALUES(45,12,'add_documento','Can add Documento');
INSERT INTO auth_permission VALUES(46,12,'change_documento','Can change Documento');
INSERT INTO auth_permission VALUES(47,12,'delete_documento','Can delete Documento');
INSERT INTO auth_permission VALUES(48,12,'view_documento','Can view Documento');
INSERT INTO auth_permission VALUES(49,13,'add_presenca','Can add Presença');
INSERT INTO auth_permission VALUES(50,13,'change_presenca','Can change Presença');
INSERT INTO auth_permission VALUES(51,13,'delete_presenca','Can delete Presença');
INSERT INTO auth_permission VALUES(52,13,'view_presenca','Can view Presença');
INSERT INTO auth_permission VALUES(53,14,'add_folga','Can add Folga');
INSERT INTO auth_permission VALUES(54,14,'change_folga','Can change Folga');
INSERT INTO auth_permission VALUES(55,14,'delete_folga','Can delete Folga');
INSERT INTO auth_permission VALUES(56,14,'view_folga','Can view Folga');
CREATE TABLE IF NOT EXISTS "auth_group" ("id" integer NOT NULL PRIMARY KEY AUTOINCREMENT, "name" varchar(150) NOT NULL UNIQUE);
INSERT INTO auth_group VALUES(1,'Adm');
INSERT INTO auth_group VALUES(3,'Servidor');
CREATE TABLE IF NOT EXISTS "auth_user" ("id" integer NOT NULL PRIMARY KEY AUTOINCREMENT, "password" varchar(128) NOT NULL, "last_login" datetime NULL, "is_superuser" bool NOT NULL, "username" varchar(150) NOT NULL UNIQUE, "last_name" varchar(150) NOT NULL, "email" varchar(254) NOT NULL, "is_staff" bool NOT NULL, "is_active" bool NOT NULL, "date_joined" datetime NOT NULL, "first_name" varchar(150) NOT NULL);
INSERT INTO auth_user VALUES(1,'pbkdf2_sha256$600000$XmbMMu91UHn6aSmv56hrYZ$YLHNWL9u/8qBz8RoM6RIA/l/2gpR8ekCBLbJg0GgitA=','2025-01-10 18:48:39.234232',1,'Adm','','',1,1,'2025-01-03 21:08:25','');
INSERT INTO auth_user VALUES(14,'pbkdf2_sha256$600000$6QRfSgbJRKgRKGXuyNRAkp$33yGJ6YYG7JUJ3Nu1SoeULQD+dIim8mItAyId97jdRM=','2025-01-10 01:08:06.356967',0,'silvio@','','',1,1,'2025-01-04 23:13:19','');
INSERT INTO auth_user VALUES(16,'pbkdf2_sha256$600000$OHFdsFx39VQgbZLF8LwgUV$M6I3BmbdI69pJJ5mTiL0kvHa80O2jeOi6pBmzh6aNTY=','2025-01-10 18:47:50.446449',0,'marcelos@','','',1,1,'2025-01-05 14:39:08','');
INSERT INTO auth_user VALUES(17,'pbkdf2_sha256$600000$tpO0zrnw3SmKrNL6UGJFI9$cnmGokOyJGDx5yBjsM/r4NKiuGpiBo8LnbI59xMfm9M=',NULL,1,'mar','','',1,1,'2025-01-09 11:24:32.547978','');
CREATE TABLE IF NOT EXISTS "funcionarios_funcionario" ("id" integer NOT NULL PRIMARY KEY AUTOINCREMENT, "nome" varchar(100) NOT NULL, "matricula" varchar(20) NOT NULL UNIQUE, "cargo" varchar(50) NULL, "dias_ferias_disponiveis" integer NOT NULL, "usuario_id" integer NOT NULL UNIQUE REFERENCES "auth_user" ("id") DEFERRABLE INITIALLY DEFERRED);
INSERT INTO funcionarios_funcionario VALUES(1,'Administrador','000000','Administrador',0,1);
INSERT INTO funcionarios_funcionario VALUES(10,'Silvio Tamacia','000001','Ténico Judiciário',30,14);
INSERT INTO funcionarios_funcionario VALUES(12,'Marcelo S Ribeiro','0002020','Técnico Judiciário',30,16);
CREATE TABLE IF NOT EXISTS "django_session" ("session_key" varchar(40) NOT NULL PRIMARY KEY, "session_data" text NOT NULL, "expire_date" datetime NOT NULL);
INSERT INTO django_session VALUES('rdndjs5lrklyovapt3dkm00xezfjv7nw','.eJxVjEEOwiAQRe_C2pAZoBFcuvcMZBgGqRqalHZlvLsh6UK3_7333yrSvtW4d1njnNVFoTr9bon4KW2A_KB2XzQvbVvnpIeiD9r1bcnyuh7u30GlXkftyYZg2BUs4sFnBLDOgoMERhgmLOVMhSwFpuCynRiTgDNo0EMy6vMF2JA3dQ:1tTqfs:aoLi_PsOnLnBDUVzTSXIxE88Pxj2QI-uf4P83dnf05E','2025-01-17 23:01:48.282211');
INSERT INTO django_session VALUES('g443hxh8luh3px3w6a7nitnnas6g6nyq','.eJxVjEEOwiAQRe_C2pAZoBFcuvcMZBgGqRqalHZlvLsh6UK3_7333yrSvtW4d1njnNVFoTr9bon4KW2A_KB2XzQvbVvnpIeiD9r1bcnyuh7u30GlXkftyYZg2BUs4sFnBLDOgoMERhgmLOVMhSwFpuCynRiTgDNo0EMy6vMF2JA3dQ:1tTrCF:ZZM6RWAD14H4u1SnBZ_yZFZa1VmYRprgl3Iexm25vjk','2025-01-17 23:35:15.445763');
INSERT INTO django_session VALUES('883otquwfuqo51muazi3zj1lw10y8rj8','.eJxVjMsOwiAQRf-FtSFAeXRcuvcbyAAzUjU0Ke3K-O_apAvd3nPOfYmI21rj1mmJUxFnoY04_Y4J84PaTsod222WeW7rMiW5K_KgXV7nQs_L4f4dVOz1WysiHiB4ZVwAUATs2Wo21iYcyY2ggmZylA0pDYYw2OwdD4kSQjZevD_59Dgc:1tU6Ip:FMY6n-eThEbxUO5eCMYwpkuhIApFLc0-5UiiMU9ypA8','2025-01-18 15:43:03.240737');
INSERT INTO django_session VALUES('sixcaadd9l4upbkl121dflceqdb94zgi','.eJxVjEsOgjAUAO_StWn6eYXi0j1naN4PQQ0kFFbGuxsSFrqdmczbFNy3sexV1zKJuRpvLr-MkJ86H0IeON8Xy8u8rRPZI7GnrbZfRF-3s_0bjFjHYxuIMDfgYxo4A2lLeWgixw4SOBe9SOyEM-YQ1EOgFh2kjlPDQ2idms8X1M83aQ:1tU6P6:ByusrdO44NOB5SRLzXUnqnwp1BWH-YsjUXyuBby7HOo','2025-01-18 15:49:32.202164');
INSERT INTO django_session VALUES('nbi0fun9kq13yqqqkqljwoat8bai3lo2','.eJxVjMsOwiAURP-FtSE8LlJcuvcbCHAvUjWQlHZl_Hdp0oUu58yZeTMftrX4rdPiZ2QXJtnpl8WQnlT3Ah-h3htPra7LHPmu8KPt_NaQXtfD_TsooZextgFFkooSaK2nJCVpcCSFzWcRhQKFI6AhI6IFowC0cNNgmCFm6Yh9vsqoN1U:1tUDzs:b09nV4HNhAuH-BvRJE0OXybk_GNQun_PlK8-ariNJD8','2025-01-05 23:56:00.360293');
INSERT INTO django_session VALUES('xvywea7sub1erh50h7i3lpdt4eh41fej','.eJxVjDkOwjAUBe_iGlm2v01sSvqcIfpbSAA5UpYKcXeIlALaNzPvZTrc1qHbFp27UczFeHP63Qj5oXUHcsd6myxPdZ1HsrtiD7rYdhJ9Xg_372DAZfjW0LseYyAGyb6oOuAmJuJCMWvIoK4kgEQ-9EVZotNyRky5CS4RiJj3B-tSN_8:1tUQQ1:fqdJCQZ98bOvnSaqNpr5Sm7GVR2L_u8Jkn-FLpf4bp0','2025-01-06 13:11:49.983286');
INSERT INTO django_session VALUES('angcxyv7tnyzcw178ls3irgn8ogsrjdm','.eJxVjDkOwjAUBe_iGlm2v01sSvqcIfpbSAA5UpYKcXeIlALaNzPvZTrc1qHbFp27UczFeHP63Qj5oXUHcsd6myxPdZ1HsrtiD7rYdhJ9Xg_372DAZfjW0LseYyAGyb6oOuAmJuJCMWvIoK4kgEQ-9EVZotNyRky5CS4RiJj3B-tSN_8:1tURHc:uEhS4JRKDd732Ba2c2XLY1aV3enM_m8nWUAFYGJKXOs','2025-01-06 14:07:12.288869');
INSERT INTO django_session VALUES('jww9mwlzz5p9pdf9pp14gws9cxdic3rw','.eJxVjDsOwjAQBe_iGlnxj3gp6TmDtfaucQDZUpxUiLuTSCmgfTPz3iLgupSwdp7DROIilBWn3zFienLdCT2w3ptMrS7zFOWuyIN2eWvEr-vh_h0U7GWrMxoEjooUYDbaO7SMadQwetAMDuOgHXrO3lAalDnTpjkC0hpMtkl8viO0OJw:1tUTOb:1njRla1Rrba0qsBsx14IOAAPnTqSspxF-A-YFU1QSj0','2025-01-06 16:22:33.621757');
INSERT INTO django_session VALUES('573bxqn4mr7vpk1tit2fz28t5fys8x7w','.eJxVjDsOAjEMBe-SGkUJiuwNJT1niOzYIQsokfZTIe7OrrQFtG9m3tskWpea1lmnNIq5GA_m9Dsy5ae2nciD2r3b3NsyjWx3xR50trcu-roe7t9BpbluNQd2ooWiYAyoPkdVElUuxXEmBA_nAIzF6xAEJQcGh2FT2PGgYD5fVlM57Q:1tUTcV:3rrxaVq41dUVikAgf8-0KbEcVWoPfRSXYcY6Bm2v41k','2025-01-06 16:36:55.782141');
INSERT INTO django_session VALUES('pe6z9mzxxtvp0ed3xzc8jkjyz16eoltr','.eJxVjDsOwjAQBe_iGlnxj3gp6TmDtfaucQDZUpxUiLuTSCmgfTPz3iLgupSwdp7DROIilBWn3zFienLdCT2w3ptMrS7zFOWuyIN2eWvEr-vh_h0U7GWrMxoEjooUYDbaO7SMadQwetAMDuOgHXrO3lAalDnTpjkC0hpMtkl8viO0OJw:1tUTaW:LhSGyXzZ5AdvFgeG6snObeZaFAMs7EM89bR9Vtxq2L4','2025-01-06 16:34:52.766597');
INSERT INTO django_session VALUES('jmfzzc0ij3d47xz6pbe0b2fsjxnx2r10','.eJxVjEsOwjAMBe-SNYoanKYxS_acoXJshxRQKvWzQtydVuoCtm9m3tv0tC6lX2ed-kHMxThz-t0S8VPrDuRB9T5aHusyDcnuij3obG-j6Ot6uH8Hheay1bEFCpRRQkoR0XuELiEkQM_ZC2703LTKQSA7htDETlWYMURWcGQ-X-C-OCE:1tVcEC:EXqdscZTNf56CEx0L3SCNWlGFpflDhAA7oYEiFcehZw','2025-01-09 20:00:32.812539');
INSERT INTO django_session VALUES('6ky6szane3vobywf65ddu8klh6h1gall','.eJxVjDsOAjEMBe-SGkUJiuwNJT1niOzYIQsokfZTIe7OrrQFtG9m3tskWpea1lmnNIq5GA_m9Dsy5ae2nciD2r3b3NsyjWx3xR50trcu-roe7t9BpbluNQd2ooWiYAyoPkdVElUuxXEmBA_nAIzF6xAEJQcGh2FT2PGgYD5fVlM57Q:1tVqOg:O3YF03zJ-KUaVftppp4nA1W9o78QUQFbgGSs5Aq73DE','2025-01-10 11:08:18.703133');
CREATE TABLE IF NOT EXISTS "funcionarios_plantao" ("id" integer NOT NULL PRIMARY KEY AUTOINCREMENT, "data" date NOT NULL, "tipo" varchar(10) NOT NULL, "observacoes" text NULL, "funcionario_id" bigint NOT NULL REFERENCES "funcionarios_funcionario" ("id") DEFERRABLE INITIALLY DEFERRED, "folgas_geradas" integer NOT NULL, "folgas_restantes" integer NOT NULL, "folgas_utilizadas" integer NOT NULL);
INSERT INTO funcionarios_plantao VALUES(16,'2025-01-18','Sábado','',12,1,1,0);
CREATE TABLE IF NOT EXISTS "funcionarios_usofolga" ("id" integer NOT NULL PRIMARY KEY AUTOINCREMENT, "data" date NOT NULL, "observacoes" text NULL, "data_criacao" datetime NOT NULL, "plantao_id" bigint NOT NULL REFERENCES "funcionarios_plantao" ("id") DEFERRABLE INITIALLY DEFERRED);
CREATE TABLE IF NOT EXISTS "funcionarios_feriado" ("id" integer NOT NULL PRIMARY KEY AUTOINCREMENT, "data" date NOT NULL, "descricao" varchar(100) NOT NULL, "tipo" varchar(20) NOT NULL, "recorrente" bool NOT NULL);
INSERT INTO funcionarios_feriado VALUES(1,'2025-03-03','Carnaval','FACULTATIVO',1);
INSERT INTO funcionarios_feriado VALUES(2,'2025-03-04','Carnaval','FACULTATIVO',1);
INSERT INTO funcionarios_feriado VALUES(3,'2025-03-05','Quarta-feira de Cinzas','FACULTATIVO',1);
INSERT INTO funcionarios_feriado VALUES(4,'2025-04-16','Semana Santa','FACULTATIVO',1);
INSERT INTO funcionarios_feriado VALUES(5,'2025-04-17','Semana Santa','FACULTATIVO',1);
INSERT INTO funcionarios_feriado VALUES(6,'2025-04-18','Sexta-feira Santa','NACIONAL',1);
INSERT INTO funcionarios_feriado VALUES(7,'2025-04-21','Tiradentes','NACIONAL',1);
INSERT INTO funcionarios_feriado VALUES(8,'2025-05-01','Dia do Trabalho','NACIONAL',1);
INSERT INTO funcionarios_feriado VALUES(9,'2025-05-02','Emenda de Feriado','FACULTATIVO',1);
INSERT INTO funcionarios_feriado VALUES(10,'2025-06-19','Corpus Christi','FACULTATIVO',1);
INSERT INTO funcionarios_feriado VALUES(11,'2025-06-20','Emenda de Feriado','FACULTATIVO',1);
INSERT INTO funcionarios_feriado VALUES(12,'2025-07-09','Revolução Constitucionalista','ESTADUAL',1);
INSERT INTO funcionarios_feriado VALUES(13,'2025-08-11','Dia do Estudante','FACULTATIVO',1);
INSERT INTO funcionarios_feriado VALUES(14,'2025-10-27','Dia do Servidor Público','FACULTATIVO',1);
INSERT INTO funcionarios_feriado VALUES(15,'2025-11-20','Dia da Consciência Negra','MUNICIPAL',1);
INSERT INTO funcionarios_feriado VALUES(16,'2025-11-21','Emenda de Feriado','FACULTATIVO',1);
INSERT INTO funcionarios_feriado VALUES(17,'2025-12-08','Dia de Nossa Senhora da Conceição','MUNICIPAL',1);
INSERT INTO funcionarios_feriado VALUES(18,'2025-12-20','Recesso de Final de Ano','RECESSO',1);
INSERT INTO funcionarios_feriado VALUES(19,'2025-12-21','Recesso de Final de Ano','RECESSO',1);
INSERT INTO funcionarios_feriado VALUES(20,'2025-12-22','Recesso de Final de Ano','RECESSO',1);
INSERT INTO funcionarios_feriado VALUES(21,'2025-12-23','Recesso de Final de Ano','RECESSO',1);
INSERT INTO funcionarios_feriado VALUES(22,'2025-12-24','Recesso de Final de Ano','RECESSO',1);
INSERT INTO funcionarios_feriado VALUES(23,'2025-12-25','Recesso de Final de Ano','RECESSO',1);
INSERT INTO funcionarios_feriado VALUES(24,'2025-12-26','Recesso de Final de Ano','RECESSO',1);
INSERT INTO funcionarios_feriado VALUES(25,'2025-12-27','Recesso de Final de Ano','RECESSO',1);
INSERT INTO funcionarios_feriado VALUES(26,'2025-12-28','Recesso de Final de Ano','RECESSO',1);
INSERT INTO funcionarios_feriado VALUES(27,'2025-12-29','Recesso de Final de Ano','RECESSO',1);
INSERT INTO funcionarios_feriado VALUES(28,'2025-12-30','Recesso de Final de Ano','RECESSO',1);
INSERT INTO funcionarios_feriado VALUES(29,'2025-12-31','Recesso de Final de Ano','RECESSO',1);
INSERT INTO funcionarios_feriado VALUES(30,'2026-01-01','Recesso de Final de Ano','RECESSO',1);
INSERT INTO funcionarios_feriado VALUES(31,'2026-01-02','Recesso de Final de Ano','RECESSO',1);
INSERT INTO funcionarios_feriado VALUES(32,'2026-01-03','Recesso de Final de Ano','RECESSO',1);
INSERT INTO funcionarios_feriado VALUES(33,'2026-01-04','Recesso de Final de Ano','RECESSO',1);
INSERT INTO funcionarios_feriado VALUES(34,'2026-01-05','Recesso de Final de Ano','RECESSO',1);
INSERT INTO funcionarios_feriado VALUES(35,'2026-01-06','Recesso de Final de Ano','RECESSO',1);
INSERT INTO funcionarios_feriado VALUES(36,'2025-01-01','Recesso de Janeiro 2025','RECESSO',0);
INSERT INTO funcionarios_feriado VALUES(37,'2025-01-02','Recesso de Janeiro 2025','RECESSO',0);
INSERT INTO funcionarios_feriado VALUES(38,'2025-01-03','Recesso de Janeiro 2025','RECESSO',0);
INSERT INTO funcionarios_feriado VALUES(39,'2025-01-04','Recesso de Janeiro 2025','RECESSO',0);
INSERT INTO funcionarios_feriado VALUES(40,'2025-01-05','Recesso de Janeiro 2025','RECESSO',0);
INSERT INTO funcionarios_feriado VALUES(41,'2025-01-06','Recesso de Janeiro 2025','RECESSO',0);
CREATE TABLE IF NOT EXISTS "funcionarios_documento" ("id" integer NOT NULL PRIMARY KEY AUTOINCREMENT, "titulo" varchar(100) NOT NULL, "arquivo" varchar(100) NOT NULL, "tipo" varchar(50) NOT NULL, "data_upload" datetime NOT NULL, "observacoes" text NULL, "funcionario_id" bigint NOT NULL REFERENCES "funcionarios_funcionario" ("id") DEFERRABLE INITIALLY DEFERRED);
CREATE TABLE IF NOT EXISTS "funcionarios_ferias" ("id" integer NOT NULL PRIMARY KEY AUTOINCREMENT, "data_fim" date NOT NULL, "dias_utilizados" integer NOT NULL, "status" varchar(20) NOT NULL, "funcionario_id" bigint NOT NULL REFERENCES "funcionarios_funcionario" ("id") DEFERRABLE INITIALLY DEFERRED, "data_retorno" date NULL, "data_inicio" date NOT NULL);
INSERT INTO funcionarios_ferias VALUES(24,'2025-02-03',8,'AGENDADO',10,'2025-02-04','2025-01-27');
INSERT INTO funcionarios_ferias VALUES(26,'2025-02-28',5,'AGENDADO',10,'2025-03-06','2025-02-24');
CREATE TABLE IF NOT EXISTS "funcionarios_presenca" ("id" integer NOT NULL PRIMARY KEY AUTOINCREMENT, "data" date NOT NULL, "presente" bool NOT NULL, "observacoes" text NULL, "funcionario_id" bigint NOT NULL REFERENCES "funcionarios_funcionario" ("id") DEFERRABLE INITIALLY DEFERRED, "tipo_trabalho" varchar(20) NOT NULL);
INSERT INTO funcionarios_presenca VALUES(2,'2025-01-06',0,'',1,'PRESENCIAL');
CREATE TABLE IF NOT EXISTS "funcionarios_folga" ("id" integer NOT NULL PRIMARY KEY AUTOINCREMENT, "data" date NOT NULL, "tipo_folga" varchar(20) NOT NULL, "observacoes" text NULL, "funcionario_id" bigint NOT NULL REFERENCES "funcionarios_funcionario" ("id") DEFERRABLE INITIALLY DEFERRED);
INSERT INTO funcionarios_folga VALUES(1,'2025-01-18','COMPENSATÓRIA','',12);
INSERT INTO funcionarios_folga VALUES(2,'2025-01-13','COMPENSATÓRIA','',12);
DELETE FROM sqlite_sequence;
INSERT INTO sqlite_sequence VALUES('django_migrations',29);
INSERT INTO sqlite_sequence VALUES('django_admin_log',117);
INSERT INTO sqlite_sequence VALUES('django_content_type',14);
INSERT INTO sqlite_sequence VALUES('auth_permission',56);
INSERT INTO sqlite_sequence VALUES('auth_group',3);
INSERT INTO sqlite_sequence VALUES('auth_user',17);
INSERT INTO sqlite_sequence VALUES('funcionarios_funcionario',12);
INSERT INTO sqlite_sequence VALUES('auth_group_permissions',86);
INSERT INTO sqlite_sequence VALUES('auth_user_groups',10);
INSERT INTO sqlite_sequence VALUES('auth_user_user_permissions',98);
INSERT INTO sqlite_sequence VALUES('funcionarios_plantao',17);
INSERT INTO sqlite_sequence VALUES('funcionarios_feriado',41);
INSERT INTO sqlite_sequence VALUES('funcionarios_ferias',28);
INSERT INTO sqlite_sequence VALUES('funcionarios_presenca',3);
INSERT INTO sqlite_sequence VALUES('funcionarios_folga',2);
CREATE UNIQUE INDEX "auth_group_permissions_group_id_permission_id_0cd325b0_uniq" ON "auth_group_permissions" ("group_id", "permission_id");
CREATE INDEX "auth_group_permissions_group_id_b120cbf9" ON "auth_group_permissions" ("group_id");
CREATE INDEX "auth_group_permissions_permission_id_84c5c92e" ON "auth_group_permissions" ("permission_id");
CREATE UNIQUE INDEX "auth_user_groups_user_id_group_id_94350c0c_uniq" ON "auth_user_groups" ("user_id", "group_id");
CREATE INDEX "auth_user_groups_user_id_6a12ed8b" ON "auth_user_groups" ("user_id");
CREATE INDEX "auth_user_groups_group_id_97559544" ON "auth_user_groups" ("group_id");
CREATE UNIQUE INDEX "auth_user_user_permissions_user_id_permission_id_14a6b632_uniq" ON "auth_user_user_permissions" ("user_id", "permission_id");
CREATE INDEX "auth_user_user_permissions_user_id_a95ead1b" ON "auth_user_user_permissions" ("user_id");
CREATE INDEX "auth_user_user_permissions_permission_id_1fbb5f2c" ON "auth_user_user_permissions" ("permission_id");
CREATE INDEX "django_admin_log_content_type_id_c4bce8eb" ON "django_admin_log" ("content_type_id");
CREATE INDEX "django_admin_log_user_id_c564eba6" ON "django_admin_log" ("user_id");
CREATE UNIQUE INDEX "django_content_type_app_label_model_76bd3d3b_uniq" ON "django_content_type" ("app_label", "model");
CREATE UNIQUE INDEX "auth_permission_content_type_id_codename_01ab375a_uniq" ON "auth_permission" ("content_type_id", "codename");
CREATE INDEX "auth_permission_content_type_id_2f476e4b" ON "auth_permission" ("content_type_id");
CREATE INDEX "django_session_expire_date_a5c62663" ON "django_session" ("expire_date");
CREATE INDEX "funcionarios_plantao_funcionario_id_491f2d04" ON "funcionarios_plantao" ("funcionario_id");
CREATE INDEX "funcionarios_usofolga_plantao_id_6c419795" ON "funcionarios_usofolga" ("plantao_id");
CREATE UNIQUE INDEX "funcionarios_feriado_data_tipo_83a80c51_uniq" ON "funcionarios_feriado" ("data", "tipo");
CREATE INDEX "funcionarios_documento_funcionario_id_142ec26a" ON "funcionarios_documento" ("funcionario_id");
CREATE INDEX "funcionarios_ferias_funcionario_id_bd01723d" ON "funcionarios_ferias" ("funcionario_id");
CREATE INDEX "funcionarios_presenca_funcionario_id_17e4ecc5" ON "funcionarios_presenca" ("funcionario_id");
CREATE INDEX "funcionarios_folga_funcionario_id_bdb5a8e4" ON "funcionarios_folga" ("funcionario_id");
COMMIT;
        echo: off
         eqp: off
     explain: auto
     headers: off
        mode: list
   nullvalue: ""
      output: backup.sql
colseparator: "|"
rowseparator: "\n"
       stats: off
       width: 
    filename: db.sqlite3
auth_group                  django_session            
auth_group_permissions      funcionarios_documento    
auth_permission             funcionarios_feriado      
auth_user                   funcionarios_ferias       
auth_user_groups            funcionarios_folga        
auth_user_user_permissions  funcionarios_funcionario  
django_admin_log            funcionarios_plantao      
django_content_type         funcionarios_presenca     
django_migrations           funcionarios_usofolga     
